0,1469419200000,1470024000000,1470628800000,1471233600000,1471838400000,1472443200000,1473048000000,1473652800000,1474257600000,1474862400000,1475467200000,1476072000000,1476676800000,1477281600000,1477886400000,1478494800000,1479099600000,1479704400000,1480309200000,1480914000000,1481518800000,1482123600000,1482728400000,1483333200000,1483938000000,1484542800000,1485147600000,1485752400000,1486357200000,1486962000000,1487566800000,1488171600000,1488776400000,1489377600000,1489982400000,1490587200000,1491192000000,1491796800000,1492401600000,1493006400000,1493611200000,1494216000000,1494820800000,1495425600000,1496030400000,1496635200000,1497240000000,1497844800000,1498449600000,1499054400000,1499659200000,1500264000000,1500868800000,1501473600000,1502078400000,1502683200000,1503288000000,1503892800000,1504497600000,1505102400000,1505707200000,1506312000000,1506916800000,1507521600000,1508126400000,1508731200000,1509336000000,1509944400000,1510549200000,1511154000000,1511758800000,1512363600000,1512968400000,1513573200000,1514178000000,1514782800000,1515387600000,1515992400000,1516597200000,1517202000000,1517806800000,1518411600000,1519016400000,1519621200000,1520226000000,1520827200000,1521432000000,1522036800000,1522641600000,1523246400000,1523851200000,1524456000000,1525060800000,1525665600000,1526270400000,1526875200000,1527480000000,1528084800000,1528689600000,1529294400000,1529899200000,1530504000000,1531108800000,1531713600000,1532318400000,1532923200000,1533528000000,1534132800000,1534737600000,1535342400000,1535947200000
标普500指数ETF#SPY,217.12,218.18,218.46,218.54,217.29,218.37,213.28,213.37,215.99,216.3,215.04,213.12,213.98,212.54,208.55,216.42,218.5,221.52,219.68,226.51,225.04,225.71,223.53,227.21,227.05,226.74,228.97,229.34,231.51,235.09,236.74,238.42,237.69,237.03,233.86,235.74,235.2,232.51,234.59,238.08,239.7,238.98,238.31,241.71,244.17,243.41,242.64,243.13,241.8,242.11,245.56,246.88,246.91,247.41,244.12,242.71,244.56,247.84,246.58,249.19,249.44,251.23,254.37,254.95,257.11,257.71,258.45,258.09,257.86,260.36,264.46,265.51,266.51,267.51,266.86,273.42,277.92,280.41,286.58,275.45,261.5,273.11,274.71,269.08,278.87,274.2,258.05,263.15,259.72,265.15,266.61,266.56,266.02,272.85,271.33,272.15,273.6,278.19,277.13,274.74,271.28,275.42,279.59,279.68,281.42,283.6,283.16,285.06,287.51,290.31,287.6
新兴市场ETF-iShares MSCI#EEM,36.205,36.62,37.48,37.6,36.76,37.41,36.71,36.51,37.63,37.45,37.69,36.88,37.6,36.93,35.93,34.55,34.59,35.25,35.12,36.17,35.15,34.28,35.01,35.94,36.68,36.42,37.47,37.75,38.22,38.39,38.48,38.19,38.01,39.49,39.81,39.39,39.37,39.14,39.29,40.06,40.19,41.22,41.15,41.74,41.76,41.61,41.22,41.5,41.39,41.13,43.42,43.63,43.75,43.95,42.92,43.67,44.93,45.16,44.89,45.59,45.38,44.81,45.63,46.66,46.26,46.14,46.34,46.29,46.82,47.71,45.84,45.94,46.17,46.5,47.12,49.13,49.51,50.44,52.08,49.05,46.42,49.54,49.72,48.13,49.75,49.21,46.89,48.28,47.08,47.57,47.26,47.26,46.43,47.4,46.07,46.43,46.33,46.33,45.23,43.92,43.33,43.41,43.85,43.96,44.69,44.21,43.19,42.21,43.37,43.17,41.55
纳指ETF#QQQ,115.23,116.78,117.2,117.26,116.78,117.12,114.28,117.29,118.33,118.72,118.47,117.14,118.15,117.1,113.65,115.8,117.32,118.8,115.7,119.5,119.6,120.2,118.48,121.93,123.16,123.25,125.8,125.68,127.38,129.81,130.26,131.02,131.39,131.69,130.63,132.38,131.97,130.4,132.56,135.99,137.54,138.6,137.84,141.22,143.46,139.98,138.15,141.24,137.64,137.76,142.12,144.11,143.84,143.65,142.1,141.23,141.97,146.0,144.21,146.06,144.32,145.45,147.66,148.34,148.71,151.24,153.27,153.68,153.95,156.26,154.49,154.7,157.65,157.37,155.76,161.92,164.49,166.34,170.93,164.61,156.1,164.96,168.17,165.99,173.16,171.02,158.51,160.13,156.63,161.37,162.3,162.09,164.87,169.46,167.46,169.72,172.74,174.44,176.98,175.32,171.65,175.61,179.61,178.99,177.62,180.08,180.52,179.86,182.48,186.65,181.11
债券指数ETF-iShares iBoxx高收益公司债#HYG,85.41,85.54,86.31,86.59,86.56,86.9,85.77,85.91,86.76,87.26,87.15,86.86,87.37,86.28,84.98,83.47,84.63,85.73,85.38,86.49,86.05,86.6,86.55,87.23,87.32,87.2,87.61,87.48,87.53,87.77,88.25,87.99,86.3,87.08,86.83,87.78,87.39,87.22,87.6,88.12,87.58,87.98,88.18,88.57,88.58,88.32,88.15,88.2,88.39,87.6,88.53,88.73,88.91,88.5,87.33,87.47,88.22,88.32,87.79,88.41,88.43,88.76,88.4,88.33,88.69,88.47,87.98,87.11,87.47,87.87,87.38,87.35,87.21,87.0,87.26,87.97,87.58,87.54,87.76,86.22,84.95,86.45,86.39,85.75,86.07,85.8,84.92,85.64,85.27,86.29,85.89,85.76,85.42,85.73,85.4,85.56,85.19,85.66,86.12,85.91,85.08,85.33,85.61,85.62,85.91,85.95,85.89,86.04,86.38,86.36,85.7
罗素2000指数ETF#IWM,121.07,122.3,122.19,122.94,123.06,124.51,121.25,121.86,124.81,124.21,122.83,120.43,121.07,118.03,115.74,127.36,130.99,134.07,130.9,138.31,135.91,136.04,134.85,135.69,136.26,134.44,136.19,136.87,137.94,139.11,138.65,138.65,135.96,138.46,134.49,137.48,135.52,133.72,137.21,139.06,138.99,137.51,136.03,137.54,139.85,141.61,140.19,140.91,140.92,140.49,141.73,142.55,141.96,140.21,136.47,134.92,136.88,140.52,139.22,142.41,144.3,148.18,150.05,149.37,149.98,149.79,148.61,146.57,148.45,150.95,153.02,151.41,152.24,153.19,152.46,154.79,158.16,158.6,159.6,153.83,146.77,153.34,153.98,152.35,158.92,157.8,150.05,151.83,150.36,153.95,155.55,154.69,155.73,159.84,161.87,161.74,163.84,166.52,167.81,167.82,163.77,168.25,167.42,168.48,165.26,166.39,167.53,168.35,171.59,173.02,170.54
金融ETF#XLF,19.212,19.5126,19.3826,19.5045,19.5857,19.9594,19.5288,19.1877,19.38,19.3,19.62,19.42,19.65,19.77,19.49,21.67,22.16,22.41,22.65,23.75,23.36,23.58,23.25,23.54,23.51,23.15,23.65,23.72,23.78,24.47,24.42,24.97,24.79,24.45,23.54,23.73,23.52,22.9,23.16,23.53,23.84,23.56,23.35,23.61,23.45,24.29,24.29,23.89,24.67,25.05,24.92,24.8,24.91,25.39,24.73,24.62,24.81,24.77,24.1,24.77,25.43,25.86,26.35,26.13,26.64,26.78,26.78,26.08,26.16,26.22,27.58,28.01,27.81,28.05,27.91,28.41,29.23,29.54,30.17,29.36,27.68,28.98,29.12,28.44,29.7,28.87,26.82,27.57,27.17,27.46,27.88,27.7,27.27,28.26,27.95,27.85,27.48,28.08,27.47,27.07,26.59,26.67,26.98,27.56,28.13,28.12,27.97,28.17,28.24,28.33,28.33
短期VIX指数期货ETN#VXX,162.88,152.3328,147.8,144.52,148.44,139.2,155.56,155.64,135.2,136.28,133.12,140.24,126.28,133.72,151.76,125.76,116.24,111.28,115.88,103.88,102.44,96.6,102.04,88.52,85.8,82.84,75.88,75.28,72.84,70.16,72.36,70.16,68.04,63.24,67.08,63.16,65.8,73.04,68.8,60.04,57.8,56.16,58.56,53.84,52.84,53.24,51.96,50.16,51.04,52.32,48.04,44.8,45.16,44.76,54.64,53.2,47.68,46.17,48.52,42.8,41.25,39.19,37.08,35.34,33.79,34.26,33.66,34.8,34.45,31.64,32.83,30.33,28.19,27.73,27.92,26.28,25.85,26.82,27.64,32.92,50.03,42.15,40.41,44.99,38.28,39.5,49.76,47.31,49.76,45.3,42.39,41.48,40.02,35.75,35.3,34.25,35.29,32.6,31.67,33.06,37.0,34.23,31.45,31.33,31.34,30.32,29.94,29.4,28.8,29.07,30.86
1.5倍做多波动率指数短期期货ETF-ProShares#UVXY,507.0,440.616,414.0,395.0,416.6,365.4,448.4,441.6,329.8,333.0,317.8,351.6,284.6,317.6,407.8,270.8,230.4,211.4,228.8,182.8,177.0,156.6,175.0,130.2,122.52,113.6,95.32,94.12,87.64,81.0,85.76,80.52,75.6,65.28,72.88,64.68,70.0,85.84,75.96,56.72,52.6,49.64,51.8,43.8,42.04,42.56,40.44,37.68,38.96,40.84,34.24,29.79,30.19,29.79,43.09,38.97,30.88,28.94,31.83,24.69,22.87,20.6,18.42,16.72,15.26,15.62,15.04,16.06,15.72,13.22,14.19,12.06,10.37,10.06,10.21,8.99,8.67,9.34,9.92,13.76,23.34,16.19,14.82,17.75,13.67,14.36,20.24,18.53,19.92,17.26,15.58,15.02,14.31,12.03,11.75,11.18,11.71,10.29,9.85,10.54,12.34,10.99,9.61,9.53,9.57,9.06,8.86,8.62,8.32,8.41,9.21
欧澳远东指数 ETF-iShares MSCI#EFA,58.035,57.76,58.81,58.79,58.37,59.43,58.53,57.49,59.26,59.13,58.58,57.67,58.19,57.79,56.57,57.05,56.2,56.79,56.71,58.72,58.13,57.68,57.73,59.05,59.59,59.39,59.97,60.14,60.14,60.5,60.39,60.93,61.05,62.23,62.14,62.29,61.82,61.59,61.97,63.8,65.59,65.24,66.11,66.05,67.22,66.31,66.39,65.14,65.2,64.84,66.32,66.55,66.79,67.46,65.95,66.19,66.75,66.99,67.51,68.06,68.39,68.48,68.43,69.57,69.34,69.18,69.8,69.28,68.91,70.34,69.83,69.84,69.97,70.11,70.31,72.35,73.5,74.13,75.25,72.55,68.59,71.42,71.34,69.42,70.78,70.47,67.94,69.68,69.4,70.79,71.05,70.97,70.93,71.77,71.33,70.22,70.0,70.41,70.0,67.8,66.97,67.58,67.79,68.07,68.8,68.12,66.74,66.38,67.32,67.34,65.43
中国大盘股ETF-iShares#FXI,35.43,35.94,37.12,37.65,36.93,38.08,38.23,37.73,38.31,38.01,38.49,37.59,37.83,36.85,36.24,35.98,35.94,37.09,37.31,37.47,35.5,33.97,34.71,35.75,36.57,36.29,36.82,36.63,38.01,38.46,38.54,37.87,37.65,39.14,39.25,38.49,38.74,38.26,37.96,38.53,37.77,39.06,39.44,40.23,40.52,40.24,39.58,39.77,39.71,39.48,41.89,42.04,42.42,42.84,41.81,42.01,44.21,44.26,43.79,44.34,44.58,44.04,45.82,46.23,46.14,46.49,46.28,47.12,46.49,47.94,45.81,45.54,45.75,45.98,46.17,48.54,49.79,51.92,54.0,51.07,46.12,49.37,49.7,47.26,49.01,49.19,45.97,47.24,45.97,47.6,46.42,46.87,46.54,48.16,47.89,47.12,47.28,48.21,46.81,44.2,42.97,42.34,42.9,42.39,43.43,42.14,42.77,41.52,42.6,42.39,40.91
巴西ETF-iShares MSCI#EWZ,33.24,34.13,34.46,34.49,32.98,34.4,33.08,32.67,33.87,33.73,35.46,36.05,37.77,37.39,35.36,32.5,32.59,33.06,31.68,32.82,31.53,32.27,33.34,34.86,35.94,36.68,37.77,37.6,38.27,39.24,38.36,38.58,37.12,37.23,37.12,37.46,37.0,36.09,36.16,37.17,37.59,39.74,34.96,35.5,34.93,34.24,34.14,33.04,34.14,34.07,36.82,37.06,37.39,38.3,38.0,39.03,40.14,40.61,41.92,43.35,42.73,41.69,42.62,43.34,42.26,41.55,39.31,38.83,39.83,40.73,39.03,39.01,38.76,39.51,40.45,42.84,43.23,44.47,47.33,45.06,43.16,45.54,46.74,45.6,45.99,44.61,43.86,44.88,43.42,42.43,43.16,43.06,40.75,40.94,38.3,37.25,35.81,34.14,33.04,32.04,32.05,33.18,34.05,35.65,36.73,37.55,33.84,33.28,31.97,32.45,32.51
债券20+美公债指数ETF-iShares Barcla#TLT,141.56,138.0,140.08,138.71,138.36,138.63,135.52,134.75,136.82,137.51,133.92,131.59,133.31,130.45,131.74,122.04,120.85,120.82,119.6,117.5,117.14,118.05,119.13,120.86,121.31,119.94,119.63,119.0,120.76,120.32,122.01,119.35,117.25,118.64,120.88,120.71,120.71,123.47,123.54,122.35,121.29,121.39,123.71,123.48,125.62,124.4,126.35,127.78,125.12,122.72,123.33,125.69,123.89,124.93,126.43,126.62,127.32,126.75,129.0,126.86,126.2,124.76,123.59,125.85,123.98,123.24,125.64,124.1,126.39,126.8,126.55,126.69,128.35,124.77,126.86,125.71,124.52,123.06,123.59,119.58,117.94,118.71,118.13,118.35,117.91,119.81,120.17,121.9,121.1,120.9,118.46,118.89,118.99,119.23,117.21,119.62,120.3,119.53,120.38,120.53,121.72,122.75,122.72,120.76,119.46,119.22,120.66,120.98,122.29,120.995,119.13
SPDR黄金ETF#GLD,128.98,127.55,127.4,127.97,126.05,126.57,126.75,125.06,127.65,125.64,119.74,119.36,120.83,121.58,124.39,117.1,115.15,112.61,112.14,110.4,108.05,107.93,109.61,111.75,114.21,115.05,113.49,116.13,117.6,117.68,119.7,117.51,114.72,116.99,118.86,118.72,119.46,122.6,122.31,120.77,117.01,116.83,119.4,120.54,121.61,120.54,119.34,119.43,118.02,115.28,116.77,119.26,120.69,119.65,122.79,122.3,122.74,126.06,127.97,125.53,123.24,121.58,121.09,123.82,121.61,120.9,120.62,121.13,122.86,122.32,121.59,118.48,119.18,120.94,123.65,125.33,126.96,126.42,128.07,126.39,124.77,127.96,126.14,125.39,125.54,124.6,127.61,125.79,126.39,127.45,126.63,125.5,124.54,125.0,122.41,123.21,122.49,123.01,121.34,120.34,118.65,118.86,117.61,116.56,115.83,114.92,114.69,112.13,114.16,113.51,113.23
SPDR DJ EURO STOXX 50 Fund#FEZ,32.565,32.07,33.06,32.79,32.67,33.5,33.08,31.82,32.95,32.76,32.64,32.21,32.58,32.65,31.78,32.03,31.15,31.44,31.29,32.96,32.91,33.18,33.46,33.97,34.23,34.28,34.33,34.34,33.9,34.25,34.08,35.14,35.53,35.99,36.15,36.35,36.1,35.62,35.96,37.83,39.69,39.1,39.65,39.46,40.18,39.62,38.74,38.64,38.47,38.56,39.46,39.33,39.72,40.3,39.21,39.45,39.95,39.88,40.37,40.84,41.1,41.25,41.16,41.45,41.29,41.2,41.66,40.82,40.75,41.57,41.07,41.2,40.7,40.95,40.71,42.2,42.76,43.42,44.21,42.45,39.91,41.42,41.34,40.16,41.04,41.0,39.21,40.27,40.45,41.36,41.79,41.69,41.6,41.84,41.44,40.45,39.99,40.28,39.65,38.82,38.33,39.32,39.18,39.33,39.77,39.23,37.92,37.55,38.73,38.28,36.93
半导体指数ETF-HOLDRs#SMH,63.5,64.19,64.72,65.77,66.09,66.76,63.78,66.56,66.99,69.47,69.62,67.62,67.9,67.79,66.59,68.56,70.33,71.71,68.77,71.68,72.08,73.14,71.64,71.94,73.21,73.77,75.85,75.61,75.34,77.09,76.73,76.87,77.93,79.01,79.13,79.71,79.12,76.25,78.61,79.7,80.8,82.85,83.75,85.48,86.82,85.69,84.15,85.67,81.86,83.21,86.82,87.47,86.35,85.69,85.17,85.47,86.19,89.0,87.56,91.09,91.57,93.32,94.87,97.19,98.38,100.6,102.94,102.86,103.25,105.77,99.38,98.0,99.25,99.16,97.81,102.97,102.35,106.77,107.93,102.91,97.74,102.79,105.66,106.48,111.93,111.41,104.1,104.28,99.46,103.88,98.97,98.09,100.8,104.41,104.55,108.31,109.53,109.97,110.3,106.59,102.67,104.95,104.98,106.66,106.82,107.59,105.63,102.83,106.94,108.94,105.83
美国原油ETF#USO,9.76,9.86,10.5,11.34,10.95,10.24,10.59,10.0,10.19,10.93,11.33,11.44,11.48,11.01,9.98,9.77,10.32,10.33,11.48,11.44,11.55,11.56,11.72,11.68,11.41,11.39,11.4,11.54,11.5,11.39,11.46,11.29,10.29,10.33,10.09,10.64,10.96,11.13,10.32,10.24,9.66,9.95,10.48,10.28,9.86,9.49,9.24,8.86,9.5,9.1,9.59,9.34,10.17,10.13,9.99,9.97,9.75,9.67,9.73,10.2,10.24,10.43,9.97,10.37,10.43,10.84,11.18,11.42,11.35,11.79,11.67,11.49,11.46,11.66,12.01,12.31,12.87,12.72,13.24,13.04,11.86,12.38,12.77,12.37,12.47,12.55,13.28,13.09,12.51,13.55,13.75,13.73,14.09,14.25,14.43,13.68,13.25,13.27,13.05,14.02,15.06,14.96,14.47,14.15,14.32,14.27,14.08,13.69,14.43,14.71,14.28
白银ETF(iShares)#SLV,19.35,18.71,18.72,18.35,17.72,18.44,18.11,17.86,18.68,18.2,16.6,16.56,16.65,16.87,17.46,16.47,15.73,15.63,15.83,15.97,15.27,14.91,15.11,15.64,15.94,16.19,16.22,16.57,17.02,17.06,17.4,16.98,16.15,16.47,16.81,17.25,17.03,17.53,17.02,16.3,15.5,15.57,15.94,16.4,16.59,16.28,15.79,15.79,15.71,14.73,15.08,15.6,15.81,15.38,16.17,16.1,16.11,16.73,17.02,16.62,16.05,15.74,15.85,16.41,16.08,15.91,15.92,15.95,16.31,16.08,15.53,14.96,15.15,15.4,15.99,16.22,16.27,16.05,16.41,15.66,15.39,15.73,15.59,15.56,15.63,15.39,15.58,15.41,15.43,15.68,16.13,15.57,15.54,15.7,15.48,15.53,15.44,15.78,15.6,15.5,15.15,15.08,14.88,14.59,14.57,14.5,14.41,13.92,13.92,13.65,13.32
黄金矿业ETF(Market Vectors)#GDX,30.59,30.23,31.05,29.96,27.18,27.35,26.41,25.96,27.02,26.43,23.0,22.99,24.62,23.81,25.07,20.92,21.05,20.61,21.37,20.67,19.08,19.34,20.92,22.39,22.74,23.12,23.22,24.5,25.29,24.79,24.13,22.2,21.73,22.67,22.92,22.81,23.5,24.54,23.61,22.23,21.55,22.72,22.86,22.94,22.76,22.83,22.06,22.74,22.08,21.21,21.8,22.41,22.91,22.32,23.15,22.93,23.41,24.78,25.24,24.13,23.47,22.96,23.59,23.84,23.23,22.57,22.43,22.52,22.79,22.83,22.49,21.68,21.99,22.89,23.24,23.67,24.01,23.65,24.35,22.91,21.68,22.51,21.97,21.49,21.57,21.43,22.12,21.98,22.07,22.89,22.71,22.73,22.65,22.88,22.19,22.31,22.31,22.36,22.23,22.18,22.31,22.61,21.96,21.78,21.32,21.16,20.56,18.72,18.95,18.55,17.88
工业ETF#XLI,58.04,58.31,58.56,59.02,58.66,58.93,57.12,56.61,57.72,58.38,57.56,57.23,56.99,57.1,56.47,61.05,61.3,62.71,62.81,63.98,62.58,62.99,62.22,63.14,63.22,63.44,64.49,63.62,64.73,65.89,65.89,66.32,65.84,65.68,64.53,65.06,65.13,64.02,65.41,66.34,66.92,66.3,66.16,67.41,68.21,67.91,68.68,68.01,68.11,68.66,69.43,68.78,68.4,68.88,67.86,67.15,67.5,68.52,68.27,69.39,70.75,71.0,71.94,72.06,72.96,72.32,71.83,71.06,70.5,71.41,73.59,74.69,74.52,75.4,75.67,77.62,80.17,79.69,80.66,77.99,73.81,77.29,77.68,75.13,78.45,76.58,72.74,74.29,72.77,73.99,75.6,73.19,72.26,74.71,75.33,75.69,75.26,76.44,75.12,72.61,71.63,72.16,73.75,74.44,76.01,75.85,75.07,76.28,76.72,77.1,77.59
能源ETF#XLE,67.38,67.53,68.7,70.41,69.38,69.08,69.7,67.45,67.64,70.61,70.61,69.8,70.19,69.37,67.77,69.46,71.13,72.72,74.83,76.6,76.51,76.35,75.32,75.89,74.38,74.54,74.23,73.4,73.28,71.97,70.99,71.99,70.01,69.8,68.56,69.9,70.36,69.31,67.79,67.84,67.31,67.75,68.08,66.61,65.09,66.42,66.3,64.38,64.92,64.01,65.4,65.11,66.47,65.64,63.94,62.32,63.0,63.58,64.4,65.84,67.2,68.48,68.07,68.14,67.77,67.34,68.68,69.66,67.43,67.88,69.68,69.28,68.72,71.97,72.26,74.97,77.42,76.38,77.51,72.46,66.67,68.12,68.8,66.95,68.45,67.31,66.77,67.41,67.35,71.41,73.3,73.82,73.85,76.73,78.11,74.58,76.38,76.9,74.17,75.15,75.94,75.67,76.26,74.89,76.63,75.24,75.29,72.61,74.54,74.44,72.8
道琼斯指数ETF#DIA,184.13,185.26,185.9,185.32,183.82,184.86,180.91,180.97,182.42,182.78,182.22,181.29,181.22,181.36,178.71,188.47,188.46,191.3,191.74,197.69,198.19,199.05,197.51,199.51,198.7,197.96,200.63,200.38,202.74,205.88,207.93,209.91,209.15,208.86,205.75,206.34,206.38,204.37,205.25,209.08,209.77,209.01,207.77,210.54,211.91,212.67,213.56,213.74,213.24,214.05,216.26,215.53,218.02,220.57,218.7,216.53,218.04,219.92,218.24,222.45,223.2,223.82,227.55,228.73,233.13,234.17,235.18,234.43,233.39,235.47,242.45,243.62,246.25,247.4,247.38,252.72,257.91,260.54,265.91,254.93,242.03,251.96,252.91,245.35,253.56,249.1,235.13,241.4,239.13,243.58,244.48,242.95,242.52,248.54,247.0,247.37,246.36,253.27,250.74,245.69,242.73,244.6,250.2,250.44,254.26,254.39,253.3,256.51,257.85,259.85,259.54
零售指数ETF-SPDR标普#XRT,45.09,44.83,45.51,45.94,45.02,44.51,43.52,43.75,43.78,43.55,43.85,43.12,42.95,42.13,41.07,44.41,45.31,46.64,45.61,47.94,45.91,44.48,44.07,43.71,44.01,43.43,42.69,43.03,44.04,43.82,43.72,42.72,42.14,42.44,41.1,42.24,41.51,41.65,42.89,42.91,43.39,42.13,40.96,40.82,41.3,41.04,39.97,39.53,40.72,39.7,39.86,40.36,41.32,41.11,39.65,38.19,39.3,39.7,40.08,41.2,40.8,41.77,41.65,40.0,40.65,40.14,39.88,40.18,41.75,41.52,43.52,44.93,44.28,45.51,45.18,46.11,47.82,48.3,48.84,45.49,44.74,46.21,45.96,45.31,45.45,44.74,42.96,44.3,44.49,44.49,43.98,45.72,44.99,45.55,46.51,46.66,46.62,49.55,49.36,50.44,48.56,49.83,49.22,50.07,49.34,49.99,50.99,51.2,51.92,52.09,51.29
油气开采指数ETF-SPDR S&P#XOP,34.25,35.05,36.08,37.64,37.25,37.35,37.805,36.13,36.15,38.46,38.33,37.66,37.92,36.2,34.73,36.48,38.35,39.67,42.03,43.18,42.01,42.23,41.42,41.77,40.47,41.13,41.3,40.68,40.35,39.32,37.87,37.86,36.11,36.44,35.21,37.44,37.22,36.33,35.11,34.95,34.83,35.29,35.52,33.93,32.32,32.61,31.65,31.02,31.92,30.66,31.91,31.65,32.84,31.27,30.43,29.46,29.76,30.61,29.89,31.83,33.04,34.09,33.58,33.6,33.3,33.37,35.35,36.49,35.0,35.32,36.43,35.3,34.08,36.82,37.18,38.54,39.72,38.72,39.06,35.51,32.39,33.92,34.64,34.14,34.77,34.42,34.7,35.22,34.66,37.38,38.86,38.93,39.61,41.27,43.16,40.88,42.15,42.04,40.42,42.59,43.06,43.41,43.19,42.5,42.25,42.0,41.71,39.7,42.05,42.34,39.95
区域银行指数ETF-SPDR KBW#KRE,40.1,41.31,40.67,41.55,42.11,43.09,42.46,41.6,42.23,42.27,43.24,42.0,43.19,43.49,42.99,49.49,51.5,52.3,53.03,56.03,54.74,56.11,55.57,55.78,55.81,54.52,56.29,56.08,56.17,57.7,57.46,58.2,56.99,56.54,53.07,54.61,53.61,51.71,53.64,54.05,54.67,53.52,52.48,52.84,52.36,55.73,55.07,52.91,54.95,55.67,55.02,54.25,54.11,54.98,52.27,51.69,52.7,52.48,50.16,52.37,54.4,56.76,56.91,55.98,57.33,57.85,57.16,54.35,56.01,55.91,59.34,59.29,59.07,59.95,58.85,59.82,62.61,63.03,63.06,62.64,60.05,63.1,62.96,62.56,65.03,63.95,58.91,60.39,59.4,60.35,61.19,62.64,62.15,63.75,63.94,64.21,63.84,65.74,63.61,63.46,61.0,61.95,60.85,62.48,62.14,62.16,62.32,63.41,63.42,63.15,63.33
苹果#AAPL,104.21,107.48,108.18,109.36,106.94,107.73,103.13,114.92,112.71,113.05,114.06,117.63,116.6,113.72,108.84,108.43,110.06,111.79,109.9,113.95,115.97,116.52,115.82,117.91,119.04,120.0,121.95,129.08,132.12,135.72,136.66,139.78,139.14,139.99,140.64,143.66,143.34,141.05,142.27,143.65,148.96,156.1,153.06,153.61,155.45,148.98,142.27,146.28,144.02,144.18,149.04,150.27,149.5,156.39,157.48,157.5,159.86,164.05,158.63,159.88,151.89,154.12,155.3,156.99,156.25,163.05,172.5,174.67,170.15,174.97,171.05,169.37,173.97,175.01,169.23,175.0,177.09,178.46,171.51,160.5,156.41,172.43,175.5,176.21,179.98,178.02,164.94,167.78,168.38,174.73,165.72,162.32,183.83,188.59,186.31,188.58,190.24,191.7,188.84,184.92,185.11,187.97,191.33,191.44,190.98,207.99,207.53,217.58,216.16,227.63,221.3
美国银行#BAC,14.49,15.05,14.91,15.22,15.79,16.0,15.74,15.49,15.52,15.65,16.13,16.0,16.67,16.68,16.55,19.02,20.0,20.86,21.23,23.09,22.66,22.6,22.1,22.68,23.01,22.64,23.36,23.29,23.08,24.52,24.23,25.44,25.31,24.86,23.12,23.59,23.16,22.34,22.71,23.34,23.74,24.0,23.05,23.24,22.45,23.67,23.43,22.82,24.26,24.83,24.21,23.8,24.03,24.97,23.86,23.62,23.77,24.09,22.89,24.38,25.02,25.34,26.21,25.83,27.17,27.8,27.82,26.51,26.62,26.59,28.1,29.05,29.04,29.88,29.52,30.33,31.19,31.72,32.2,31.95,30.33,31.97,32.03,31.63,32.72,32.17,29.17,29.99,29.63,29.8,30.26,30.15,29.3,30.92,30.26,30.16,29.4,30.01,29.28,28.99,28.19,28.03,28.55,30.13,31.06,31.51,31.19,30.74,30.89,30.93,30.86
阿里巴巴#BABA,82.48,84.59,98.25,96.86,95.06,99.25,99.62,104.64,107.71,105.79,106.0,101.85,103.94,101.93,97.57,92.99,93.39,93.01,90.48,93.28,88.67,86.79,87.81,93.89,96.27,96.06,102.07,100.39,102.36,100.52,102.95,103.31,103.39,105.61,108.04,107.83,108.99,110.21,113.11,115.5,116.04,120.34,123.22,123.99,124.13,139.44,134.87,143.01,140.9,142.43,151.83,151.89,157.56,153.33,151.7,167.5,171.74,171.04,169.0,176.7,178.14,172.71,179.2,178.45,177.32,176.15,183.21,186.41,185.13,191.19,174.61,177.62,173.55,176.29,172.43,190.7,187.79,184.05,205.22,187.31,176.67,183.68,193.29,179.76,190.55,200.28,181.2,183.54,167.52,172.04,179.11,177.16,188.89,194.36,195.0,199.2,204.34,205.07,208.0,202.01,185.53,192.27,190.04,187.25,189.42,180.84,180.01,172.78,174.23,175.01,162.37
特斯拉#TSLA,234.79,230.03,225.61,225.0,219.99,197.78,194.47,205.4,207.45,204.03,196.61,196.51,200.09,199.97,190.56,188.56,185.02,196.65,181.47,192.18,202.49,213.34,213.69,229.01,237.75,244.73,252.95,251.33,269.23,272.23,257.0,251.57,243.69,261.5,263.16,278.3,302.54,304.0,305.6,314.07,308.35,324.81,310.83,325.14,339.85,357.32,371.4,383.45,361.61,313.22,327.78,328.4,335.07,356.91,357.87,347.46,348.05,355.4,343.4,379.81,351.09,341.1,356.88,355.57,345.1,320.87,306.09,302.99,315.05,315.55,306.53,315.13,343.45,325.2,311.35,316.58,336.22,350.02,342.85,343.75,310.42,335.49,352.05,335.12,327.17,321.35,301.54,266.13,299.3,300.34,290.24,294.075,294.09,301.06,276.82,278.85,291.82,317.66,358.17,333.63,342.95,308.9,318.87,313.58,297.18,348.17,355.49,305.5,322.82,301.66,263.24
Facebook#FB,123.94,125.15,124.88,123.56,124.96,126.51,127.1,129.07,127.96,128.27,128.99,127.88,132.07,131.29,120.75,119.02,117.02,120.38,115.4,119.68,119.87,117.27,115.05,123.41,128.34,127.04,132.18,130.98,134.19,133.53,135.44,137.17,138.79,139.84,140.34,142.05,140.78,139.39,143.68,150.25,150.24,150.33,148.06,152.13,153.61,149.6,150.64,155.07,150.98,151.44,159.97,164.43,172.45,169.62,168.08,167.41,166.32,172.02,170.95,171.64,170.54,170.87,172.23,173.74,174.98,177.88,178.92,178.46,179.0,182.78,175.1,179.0,180.18,177.2,176.46,186.85,179.37,181.29,190.0,190.28,176.11,177.36,183.29,176.62,185.23,185.09,159.39,159.79,157.2,164.52,166.28,173.59,176.61,186.99,182.68,184.92,193.99,189.1,195.85,201.74,194.32,203.23,207.32,209.94,174.89,177.78,180.26,173.8,174.645,175.73,163.04
亚马逊#AMZN,758.81,765.98,772.56,757.31,769.0,772.44,760.14,778.52,805.75,837.31,839.43,822.96,818.99,776.32,755.05,739.01,760.16,780.37,740.34,768.66,757.77,760.59,749.87,795.99,817.14,808.33,835.77,810.2,827.46,845.07,845.24,849.88,852.46,852.31,845.61,886.54,894.88,884.67,898.53,924.99,934.15,961.35,959.84,995.78,1006.73,978.31,987.71,1003.74,968.0,978.76,1001.81,1025.67,1020.04,987.58,967.99,958.47,945.26,978.25,965.9,986.79,955.1,961.35,989.58,1002.94,982.91,1100.95,1111.6,1125.35,1129.88,1186.0,1162.35,1162.0,1179.14,1168.36,1169.47,1229.14,1305.2,1294.58,1402.05,1429.95,1339.6,1448.69,1500.0,1500.25,1578.89,1571.68,1495.56,1447.34,1405.23,1430.79,1527.49,1572.62,1580.95,1602.91,1574.37,1610.15,1641.54,1683.99,1715.97,1715.67,1699.8,1710.63,1813.03,1813.7,1817.27,1823.29,1886.3,1882.22,1905.39,2012.71,1952.07
通用电气#GE,31.14,31.28,31.24,31.25,31.23,31.29,30.11,29.68,29.89,29.62,29.08,28.89,28.98,29.22,28.44,30.71,30.67,31.44,31.34,31.78,31.75,31.88,31.6,31.61,31.36,30.53,30.01,29.7,29.72,30.37,30.19,30.12,30.28,29.88,29.72,29.8,29.99,29.56,29.55,28.99,29.22,28.27,28.05,27.45,27.88,27.94,29.0,27.57,27.01,26.15,26.78,25.91,25.53,25.78,25.2,24.55,24.49,25.14,23.82,23.93,24.87,24.18,24.39,22.98,23.83,20.79,20.14,20.49,18.21,18.19,17.88,17.71,17.82,17.5,17.45,18.54,18.76,16.26,16.13,15.64,14.94,15.05,14.49,14.12,14.94,14.31,13.07,13.48,13.06,13.49,14.54,14.38,14.1,14.6,14.97,14.63,14.1,13.93,13.3,13.05,13.61,13.85,13.89,13.12,13.06,13.14,12.77,12.3,12.5,12.94,12.4
AMD#AMD,6.86,6.61,6.73,7.62,7.67,7.51,5.9,6.05,6.55,6.91,6.75,6.75,6.52,7.2,6.56,6.685,8.71,8.77,8.53,10.34,10.66,11.58,11.34,11.32,10.58,9.75,10.67,12.24,13.58,13.13,14.12,13.03,13.91,13.49,13.7,14.55,13.52,12.31,13.0,13.3,10.19,11.26,11.41,11.0,10.9,12.28,11.44,14.17,12.48,13.36,13.92,13.88,13.95,13.12,12.23,12.37,12.43,13.19,12.25,12.52,13.3,12.75,13.23,14.22,13.81,11.84,11.12,11.26,11.38,11.38,10.73,9.94,10.29,10.54,10.28,11.88,12.02,12.59,12.95,12.45,11.31,11.82,12.07,11.81,11.7,11.47,10.63,10.05,9.61,9.93,9.99,11.11,11.28,11.95,13.0,13.54,14.4,15.25,16.34,15.8,14.99,16.36,16.27,16.5,18.94,18.49,19.06,19.77,23.98,25.17,27.38
美光科技#MU,13.74,14.52,14.93,16.25,16.51,16.7,16.81,17.48,17.48,17.78,17.61,17.13,16.94,17.2,16.68,17.67,19.21,20.13,18.79,20.5,20.27,23.26,21.92,22.04,22.18,21.96,23.97,24.6,24.05,23.35,23.24,25.57,25.18,25.8,28.43,28.9,28.52,26.74,27.32,27.67,28.2,28.93,27.82,29.76,31.21,30.6,29.86,31.73,29.86,30.2,31.79,32.01,29.28,27.92,28.01,30.38,30.29,32.6,32.45,34.65,36.07,39.33,39.67,40.4,41.5,40.85,43.71,44.78,46.16,49.68,41.99,43.21,42.4,44.12,41.12,45.8,42.81,42.75,43.67,40.82,40.41,44.21,46.53,49.11,54.59,60.58,54.21,52.14,48.46,52.23,50.62,47.52,47.58,51.82,53.39,61.35,58.74,61.39,58.23,57.1,52.44,53.23,56.35,55.02,53.96,52.81,51.37,47.11,50.7,52.52,44.86
花旗#C,43.81,45.72,45.58,46.53,47.11,47.51,47.17,46.41,47.15,47.23,49.28,48.61,49.57,49.56,48.17,52.83,55.46,56.78,56.02,60.04,59.75,60.99,59.43,60.55,59.63,56.11,57.11,57.76,57.63,60.17,59.56,61.0,61.49,60.37,58.07,59.82,59.43,58.04,57.72,59.12,60.24,61.07,61.1,62.07,61.11,64.45,63.89,63.41,66.88,67.91,66.72,66.0,67.43,68.98,66.8,66.58,67.85,68.58,66.17,69.04,71.4,72.74,75.64,72.11,73.53,73.87,74.05,72.25,71.33,72.02,75.51,75.71,74.77,75.49,74.41,75.41,76.84,78.3,80.08,77.02,73.68,76.82,77.08,73.68,76.11,73.47,67.9,67.5,68.6,71.01,70.0,68.99,67.94,72.86,69.96,68.44,67.28,68.47,66.34,67.2,66.92,67.14,67.0,69.22,71.69,72.39,70.26,69.67,70.67,71.24,69.64
英特尔#INTC,34.86,34.98,34.57,35.24,35.26,36.08,35.44,37.67,37.19,37.75,38.1,37.45,35.15,34.74,33.61,34.61,34.95,35.44,34.16,35.76,36.31,36.97,36.27,36.48,36.79,36.94,37.98,36.52,35.34,36.48,36.53,35.9,35.91,35.27,35.16,36.07,36.03,35.25,36.32,36.15,36.82,35.53,35.4,36.26,36.32,35.71,35.21,34.19,33.74,33.88,34.68,34.73,35.31,36.3,35.87,35.01,34.67,35.09,35.19,37.0,37.18,38.08,39.63,39.67,40.43,44.4,46.34,45.58,44.63,44.75,44.68,43.35,44.56,46.7,46.16,44.74,43.24,44.82,50.08,46.15,43.95,45.56,47.73,48.98,52.19,51.17,49.36,52.08,48.79,51.86,51.53,52.73,52.78,54.67,53.5,55.44,57.08,55.05,55.11,52.5,49.71,51.37,52.22,51.91,47.68,49.63,48.85,47.1,47.66,48.43,46.45
Altaba#AABA,38.19,38.99,42.94,43.02,42.27,43.28,42.92,43.67,42.8,43.1,43.22,41.44,42.17,41.78,40.28,40.42,41.19,40.87,40.07,41.76,38.61,38.66,38.67,41.23,42.27,42.05,44.42,43.71,45.03,45.1,45.55,45.91,45.98,46.59,46.4,46.41,46.44,46.9,47.52,48.21,48.49,49.65,50.18,50.67,50.6,54.02,52.58,54.73,54.48,54.55,57.23,58.16,59.2,58.51,57.92,63.07,64.51,64.05,63.58,66.41,67.34,66.24,67.85,67.52,67.51,67.52,70.23,70.55,71.02,72.93,70.1,71.25,70.29,71.58,69.85,76.49,75.85,74.36,80.3,74.4,70.48,73.51,77.76,72.69,76.62,79.9,73.0,74.04,67.55,69.29,71.06,69.73,72.71,75.67,75.93,77.43,78.98,80.55,81.46,79.46,73.21,75.36,74.48,73.27,74.1,71.58,70.97,68.17,68.9,69.55,64.82
电子艺界#EA,76.32,79.84,77.43,81.76,81.21,83.46,79.86,82.89,84.26,85.4,83.81,82.59,82.87,79.45,80.22,77.45,78.99,79.17,75.86,78.75,79.51,80.67,78.76,79.01,80.35,80.12,83.16,81.28,86.17,87.3,86.54,87.24,89.81,89.59,89.35,89.52,88.73,89.02,91.94,94.82,95.74,109.09,107.64,112.13,114.52,110.46,110.51,110.87,105.72,107.45,108.99,112.22,118.25,117.22,115.45,116.88,116.93,119.31,118.28,119.42,118.5,118.06,120.09,118.62,113.62,116.89,113.2,112.75,108.82,107.94,106.02,105.27,109.28,106.02,105.06,112.39,113.13,116.18,115.2,124.53,120.64,126.02,127.1,125.09,128.49,128.52,121.44,121.24,118.36,120.53,120.89,117.47,123.64,132.81,132.0,131.85,135.69,137.87,146.65,141.26,141.02,145.1,148.73,147.48,133.81,130.87,131.32,128.01,128.97,113.41,114.91
摩根大通#JPM,63.97,66.3,65.32,65.86,66.22,67.49,66.65,65.82,67.25,66.59,68.11,67.52,68.49,69.11,67.76,76.69,77.71,78.83,81.6,85.49,84.94,87.05,86.29,86.12,86.7,83.67,86.93,87.18,87.0,90.23,90.33,92.8,91.28,90.68,87.29,87.84,86.18,84.4,84.52,87.0,87.0,86.92,84.78,85.36,82.64,86.96,86.18,86.86,91.4,93.85,92.25,90.89,91.28,93.66,91.42,90.74,91.89,91.7,88.42,91.62,94.83,95.51,96.92,95.86,99.51,101.77,101.41,97.51,98.14,98.32,104.79,105.93,106.14,107.45,106.94,108.34,112.67,113.01,116.32,114.28,110.04,114.68,117.31,113.32,118.04,115.44,107.01,109.97,109.09,110.3,111.47,109.4,108.43,113.86,111.13,110.66,108.4,111.11,107.9,105.75,104.2,104.06,106.36,111.28,116.03,117.09,115.73,114.77,114.68,114.58,114.32
福特汽车#F,12.66,12.19,12.33,12.39,12.38,12.5,12.38,12.11,12.17,12.07,12.29,11.91,12.02,11.72,11.34,12.28,11.76,12.04,12.24,13.17,12.63,12.46,12.13,12.76,12.63,12.36,12.49,12.56,12.51,12.58,12.47,12.65,12.53,12.48,11.62,11.64,11.23,11.11,11.34,11.47,11.14,10.92,10.87,10.93,11.35,11.13,11.22,11.04,11.19,11.26,11.68,11.53,11.17,10.95,10.77,10.56,10.82,11.35,11.36,11.62,11.84,11.97,12.31,12.05,12.1,12.06,12.36,12.01,12.01,12.1,12.58,12.61,12.58,12.58,12.49,13.2,13.23,12.0,11.65,10.71,10.53,10.61,10.7,10.4,10.73,11.15,10.56,11.08,11.18,11.28,10.82,11.49,11.36,11.19,11.33,11.51,11.71,12.1,11.88,11.65,11.07,11.06,10.98,10.56,9.93,10.04,9.74,9.55,9.68,9.48,9.27
恩智浦#NXPI,84.09,85.74,86.03,88.38,88.49,88.15,81.4,83.75,83.9,102.01,102.99,101.4,101.71,99.78,98.7,97.73,98.88,99.51,97.97,98.33,97.19,98.2,98.01,98.21,98.38,97.8,97.88,99.46,101.99,102.4,102.83,103.86,104.22,103.27,102.99,103.5,104.55,103.23,104.36,105.75,106.58,106.87,107.75,108.0,109.15,108.58,109.09,109.98,109.45,109.11,109.4,109.86,110.22,112.42,112.2,112.45,112.23,112.9,112.3,112.84,112.64,113.09,113.95,115.17,115.88,116.93,115.02,116.05,115.5,114.65,114.78,115.29,116.35,116.7,117.09,118.05,119.58,120.45,120.34,120.62,115.78,118.5,125.44,124.09,123.68,122.25,120.19,117.0,113.73,113.44,105.15,105.4,100.28,99.01,111.02,116.79,114.0,120.17,113.16,115.07,109.27,107.47,107.52,103.35,94.97,95.92,94.56,89.77,91.98,93.14,94.02
Netflix Inc.#NFLX,91.25,97.03,96.59,95.87,97.58,97.38,96.5,99.48,95.94,98.55,104.82,101.47,127.5,126.57,122.03,114.78,115.21,117.41,120.81,122.88,124.22,125.59,123.8,131.07,133.7,138.6,142.45,140.25,144.82,142.22,143.25,139.14,140.89,145.11,142.02,147.81,143.11,142.92,142.87,152.2,156.6,160.81,157.02,162.43,165.18,158.03,152.38,158.02,149.41,150.18,161.12,188.54,184.04,180.27,171.4,166.54,165.95,174.74,176.42,182.35,187.35,181.35,198.02,199.49,194.16,199.54,200.01,192.02,193.2,195.75,186.82,188.54,190.12,189.94,191.96,209.99,221.23,220.46,274.6,267.43,249.47,278.52,285.93,301.05,331.44,318.45,300.94,295.35,288.85,311.65,327.77,311.76,320.09,326.46,324.18,351.29,359.93,360.57,391.98,411.09,391.43,408.25,395.8,361.05,355.21,343.09,345.87,316.78,358.82,367.68,348.68
Twitter#TWTR,16.64,18.26,19.54,18.98,18.3,19.55,18.11,19.11,22.62,23.05,19.85,16.88,18.09,17.66,18.02,18.55,18.73,18.06,17.93,19.65,18.63,16.5,16.3,17.17,17.25,16.58,16.57,17.61,15.58,16.62,15.98,15.75,15.12,15.08,15.14,14.95,14.29,14.3,14.63,16.48,18.69,18.61,18.35,18.23,18.31,16.9,16.67,18.5,17.87,18.02,19.64,20.11,16.75,16.29,15.92,15.99,16.65,16.86,17.45,18.01,17.61,16.87,17.85,18.63,17.87,21.68,19.9,20.32,20.76,22.42,20.71,21.1,22.23,24.46,24.01,24.32,25.41,23.66,24.27,25.92,31.51,33.06,32.66,33.0,35.35,35.58,31.03,29.01,28.1,28.76,31.91,29.0,31.04,32.75,32.63,33.63,36.65,41.21,45.8,45.88,43.67,46.65,44.49,43.42,34.12,31.96,32.01,32.73,34.28,35.18,30.49
微软#MSFT,56.68,57.96,57.94,57.62,58.03,57.67,56.21,57.25,57.43,57.6,57.8,57.42,59.66,59.87,58.71,59.02,60.35,60.53,59.25,61.97,62.3,63.24,62.14,62.84,62.7,62.74,65.78,63.68,64.0,64.62,64.62,64.25,64.93,64.87,64.98,65.86,65.68,64.95,66.4,68.46,69.0,68.38,67.69,69.96,71.76,70.32,70.0,71.21,68.93,69.46,72.78,73.79,73.04,72.68,72.5,72.49,72.82,73.94,73.98,75.31,74.41,74.49,76.0,77.49,78.81,83.81,84.14,83.87,82.4,83.26,84.26,84.16,86.85,85.51,85.54,88.19,89.6,90.0,94.06,91.78,88.18,92.0,94.06,93.05,96.54,94.6,87.18,91.27,90.23,93.08,95.0,95.82,95.16,97.7,96.36,98.36,100.79,101.63,100.13,100.41,98.61,101.16,105.43,106.27,107.68,108.04,109.0,107.58,108.4,112.33,108.21
21世纪福克斯公司#FOXA,26.64,25.64,26.02,25.15,24.54,24.55,23.57,23.9,23.93,24.22,24.35,24.73,25.83,26.25,26.94,27.14,27.82,28.36,27.4,28.21,28.03,28.38,28.04,29.52,30.03,30.05,31.29,31.4,29.91,30.35,30.61,30.46,30.55,30.82,31.52,32.39,31.07,30.43,30.7,30.54,29.14,27.94,27.11,27.03,27.93,28.16,27.45,27.19,28.34,27.9,27.74,27.84,29.37,28.46,28.21,27.26,27.25,27.49,25.79,27.05,26.88,26.38,26.99,26.52,27.5,26.41,24.97,28.84,31.15,30.47,32.19,33.3,34.99,35.24,34.53,36.75,36.73,36.65,38.81,36.72,35.73,37.46,38.01,36.37,37.73,37.14,36.12,36.69,35.69,36.79,36.68,36.42,37.66,37.94,37.66,39.02,38.56,39.99,44.66,48.61,49.69,48.93,47.56,46.0,45.15,45.42,45.48,45.38,45.17,45.4,45.21
永利度假村#WYNN,97.95,97.51,99.75,97.38,89.85,92.38,98.41,108.57,102.14,97.42,97.01,93.37,95.27,94.18,88.04,84.98,92.35,101.55,98.64,91.88,91.9,88.34,86.51,92.43,90.53,90.82,103.08,96.92,98.9,95.91,94.01,101.04,99.55,110.19,111.92,114.61,116.83,113.47,115.9,123.01,122.14,125.29,121.73,125.73,134.68,129.59,134.46,138.32,134.12,132.46,130.42,134.14,128.6,127.51,125.63,134.9,134.65,143.42,144.43,143.22,144.91,148.92,143.94,142.33,144.44,143.15,150.09,154.03,152.28,159.42,159.01,159.54,166.03,167.75,168.59,164.49,165.54,179.64,180.29,166.56,166.22,164.28,167.13,163.06,188.89,184.76,175.88,182.36,178.49,183.81,192.51,185.11,192.41,195.65,189.03,194.21,192.5,178.12,173.31,170.14,167.34,156.86,165.24,163.92,163.39,149.19,148.52,142.33,145.9,148.34,128.38
通用汽车#GM,31.54,30.8,31.57,31.83,31.53,32.16,30.48,30.97,32.12,31.77,32.34,31.87,32.04,31.32,31.16,34.02,33.0,34.25,35.41,37.66,36.37,35.69,34.84,35.99,37.34,37.01,37.01,36.33,35.17,37.22,36.9,38.23,36.83,36.33,34.56,35.36,33.71,33.39,33.75,34.64,33.77,33.62,32.72,33.07,34.45,34.34,34.29,34.2,34.93,34.94,36.35,36.07,35.77,35.27,34.93,34.83,35.6,37.36,37.0,38.88,39.42,40.38,44.93,45.88,45.61,44.64,42.34,42.66,43.88,44.46,42.79,42.02,40.95,42.02,40.99,44.01,44.07,43.15,43.49,41.0,41.46,41.09,40.91,37.43,37.84,37.94,35.17,36.34,37.68,38.73,37.61,37.65,36.71,36.89,37.79,38.3,43.2,44.25,43.91,41.25,39.4,39.16,39.36,39.4,37.53,37.73,36.59,36.38,35.95,36.05,33.91
卡特彼勒#CAT,82.76,82.56,83.0,83.84,82.66,81.69,80.79,82.05,82.44,88.77,88.47,87.67,86.33,83.88,82.31,93.01,92.34,95.81,95.14,95.53,92.58,94.32,92.74,93.04,94.48,94.58,98.99,93.28,96.31,98.85,95.48,95.12,92.31,92.91,92.15,92.76,95.52,93.1,94.32,102.26,99.64,100.71,102.43,105.66,105.95,105.92,107.6,104.11,107.46,106.92,108.77,106.59,114.1,114.35,112.85,113.92,115.35,118.28,117.82,121.37,124.43,124.71,126.93,130.71,131.36,137.81,136.63,136.48,136.13,137.39,141.52,143.86,146.69,155.75,157.58,161.96,170.3,170.41,167.06,157.49,149.21,156.29,162.41,146.38,158.25,156.46,144.29,147.38,142.99,150.23,153.25,144.72,146.37,154.86,155.71,155.85,153.52,155.32,150.02,139.94,135.67,135.41,140.75,136.82,142.56,138.51,135.92,139.34,138.21,138.85,141.32
富国银行#WFC,47.97,48.68,47.9,48.65,48.51,50.55,48.72,45.43,45.74,44.28,45.33,44.71,45.09,46.23,44.6,51.73,52.82,52.62,53.58,57.14,55.34,55.96,55.11,55.04,55.31,55.07,56.59,57.27,56.86,58.09,57.81,58.89,58.85,58.67,55.83,55.66,54.84,51.35,53.0,53.84,55.11,53.02,53.06,52.41,51.81,53.8,53.89,52.45,55.41,55.74,54.99,54.17,53.3,52.84,51.94,51.68,51.77,50.97,49.58,51.66,54.25,55.15,55.58,53.69,54.92,55.87,56.35,53.81,54.15,54.09,56.2,59.31,59.87,61.55,60.67,62.75,62.55,64.22,65.93,64.07,56.13,59.95,59.17,57.41,58.23,55.9,50.98,52.41,52.23,50.89,52.56,52.36,52.41,54.45,53.7,54.9,54.69,55.68,54.98,53.94,55.44,55.89,55.36,56.41,58.63,58.83,58.05,58.86,58.69,58.48,57.4
美国钢铁#X,27.49,26.49,21.06,20.38,19.79,18.9,17.03,15.91,18.95,18.86,17.68,16.42,19.78,19.31,19.86,25.71,28.57,33.23,33.61,36.06,34.7,35.78,33.01,35.4,32.7,33.38,33.77,33.78,37.6,39.8,37.01,37.74,34.88,37.29,32.82,33.81,33.9,29.42,30.42,22.32,21.49,20.04,19.59,19.74,20.26,21.82,20.16,22.25,22.14,21.45,23.21,23.68,22.98,23.55,23.16,23.7,24.94,26.99,26.96,25.09,23.83,25.66,26.05,27.36,28.43,27.08,27.04,27.46,27.28,29.21,29.3,33.23,31.85,35.11,35.19,38.49,39.14,38.77,40.95,34.58,34.24,44.75,43.52,45.39,43.69,39.96,33.94,35.19,34.49,35.51,36.65,32.37,34.52,35.76,36.46,35.39,37.69,37.16,36.05,36.91,34.75,35.34,36.21,37.13,37.0,32.3,29.97,30.07,30.95,29.68,29.06
美国电话电报#T,43.29,43.16,43.28,41.01,40.68,40.95,39.71,40.2,41.28,40.61,38.87,39.22,37.49,36.51,36.5,36.51,37.56,39.21,38.61,40.38,41.67,42.73,42.53,41.32,40.96,41.45,42.01,41.25,41.38,41.48,42.36,42.01,42.35,42.61,41.68,41.55,40.59,40.28,39.93,39.63,38.56,38.49,38.24,38.12,38.87,38.79,38.96,37.95,37.73,36.98,36.3,36.51,39.0,38.43,38.1,37.37,37.99,37.48,35.59,37.1,38.59,39.17,38.59,35.7,35.54,33.97,33.3,34.22,34.51,34.81,36.5,36.73,38.24,38.94,38.88,38.14,36.9,37.21,37.82,38.07,36.05,37.14,36.72,36.35,37.05,37.0,34.7,35.65,35.63,35.14,34.67,33.04,32.14,32.29,32.05,32.51,32.47,33.83,33.15,31.69,32.11,32.68,31.67,31.1,31.08,32.27,32.26,33.03,32.64,31.94,32.12
京东#JD,21.65,21.85,24.65,25.91,25.79,25.55,26.37,26.23,26.84,26.09,27.03,26.5,26.87,25.9,24.65,24.04,26.45,25.54,25.88,26.84,25.61,25.49,25.44,26.27,26.84,27.6,28.36,28.32,29.38,29.85,30.27,30.93,31.06,31.56,31.26,31.11,32.01,32.47,34.35,35.07,35.78,40.56,41.06,40.99,40.23,39.0,38.17,42.95,39.22,39.22,42.01,43.08,45.22,46.4,45.9,40.13,40.87,41.99,41.15,44.91,42.37,38.2,39.24,38.72,39.0,37.36,38.42,39.96,40.25,39.21,37.27,38.01,40.32,42.19,41.42,45.64,46.4,46.02,50.5,46.03,42.93,46.42,48.35,43.8,45.71,44.97,40.87,40.49,39.23,39.8,37.44,36.76,37.67,36.95,35.71,36.87,36.09,39.92,43.59,40.82,38.95,39.46,38.27,35.51,36.21,36.17,35.79,32.22,31.4,31.3,26.95
巴西石油公司#PBR,8.68,8.36,8.73,9.43,9.11,9.58,9.51,9.1,9.18,9.33,10.53,11.14,12.17,11.87,10.63,9.73,9.65,10.2,10.68,10.84,10.21,10.11,10.11,10.87,11.32,11.2,10.79,10.33,10.42,10.77,10.22,10.21,9.38,8.91,9.06,9.69,9.76,9.26,9.01,9.01,9.32,10.24,8.96,8.95,8.48,8.41,8.08,7.75,7.99,7.74,8.54,8.48,8.68,8.86,8.48,8.89,9.17,9.29,9.8,10.08,10.34,10.04,10.32,10.49,10.35,10.73,10.69,10.71,10.14,10.32,9.86,9.7,9.43,9.99,10.29,11.08,11.47,12.16,13.83,13.32,12.34,12.75,13.94,14.2,14.71,14.1,14.31,14.14,13.92,13.86,14.3,14.14,13.69,16.19,16.18,12.61,10.13,9.78,9.44,9.43,10.03,10.42,10.69,11.34,11.91,12.53,11.54,10.71,10.31,10.87,11.04
高通#QCOM,62.58,62.0,61.71,62.76,62.97,63.35,60.52,62.99,62.75,68.5,68.19,65.7,67.93,68.4,66.73,66.88,67.31,68.29,65.84,68.52,66.46,66.86,65.2,65.53,66.88,62.88,54.24,52.98,54.0,56.46,57.22,56.44,58.64,57.55,56.92,57.34,56.32,52.79,52.5,53.74,54.93,55.32,57.67,57.52,58.58,57.05,56.82,56.91,55.22,55.35,56.81,53.84,52.88,52.62,52.72,51.92,52.03,52.05,49.64,52.19,52.09,51.84,52.49,52.82,52.02,54.57,61.81,64.57,66.72,68.91,65.49,64.24,64.76,64.73,64.02,66.47,65.38,68.04,68.53,66.07,63.99,64.85,63.32,64.74,63.03,60.62,53.66,55.41,53.12,55.73,51.44,51.11,52.49,55.23,57.51,59.96,58.61,60.26,59.86,58.5,56.12,57.84,58.39,58.61,62.69,65.4,64.82,66.06,67.15,68.71,70.38
美国合众银行#USB,42.17,42.97,42.73,43.35,43.4,44.16,43.41,42.6,42.96,42.89,43.7,42.85,43.85,44.64,43.93,47.9,49.23,49.42,50.0,52.04,51.74,52.2,51.37,51.3,51.69,51.2,52.99,53.66,53.61,54.88,55.1,55.55,54.94,54.69,52.57,51.5,51.15,49.98,50.51,51.28,51.77,51.41,51.1,51.44,51.3,52.89,52.27,50.77,51.92,52.46,52.08,52.12,52.57,53.12,52.05,51.68,52.07,51.68,49.98,51.81,53.67,53.59,54.18,54.13,54.09,54.44,54.65,51.61,51.88,51.83,54.9,55.36,54.5,54.46,53.58,55.32,56.98,56.46,58.11,56.9,53.75,55.61,55.49,53.41,55.28,53.26,49.25,50.5,50.28,50.95,50.43,51.25,50.34,51.5,50.55,50.54,50.76,52.05,51.38,50.76,50.02,50.21,50.91,51.06,52.6,52.91,53.1,53.29,54.01,54.11,54.19
美国铝业#AA,31.86,31.5,30.51,30.81,30.0,30.39,28.8,28.32,29.28,30.42,31.37,26.44,26.88,28.37,25.2,29.3,30.42,31.7,29.04,32.05,29.4,29.71,28.08,30.68,33.01,35.66,36.67,36.86,38.3,36.21,34.48,36.38,34.53,34.97,32.56,34.4,33.73,30.99,31.7,33.73,31.82,31.79,32.29,33.27,32.86,33.01,30.0,31.09,32.65,34.19,36.32,36.62,35.64,37.42,37.78,37.76,41.21,45.04,42.61,44.65,45.38,46.62,47.49,47.71,47.93,47.91,47.12,43.01,43.4,42.21,41.64,41.4,42.61,49.99,53.87,54.09,56.76,53.1,54.0,49.09,45.92,47.36,46.7,45.54,47.86,47.23,44.71,44.96,48.05,54.96,60.01,51.6,54.39,53.96,50.83,47.93,47.64,48.52,45.34,45.56,46.88,47.14,47.26,40.32,43.22,42.72,44.98,42.03,43.44,44.67,41.0
沃尔玛#WMT,72.97,73.76,73.89,72.81,71.14,72.5,70.3,72.87,72.35,72.12,68.7,68.45,68.34,69.99,69.16,71.23,68.54,71.23,70.88,70.08,70.98,69.54,69.12,68.26,67.13,67.18,65.66,66.5,68.02,69.37,72.39,70.03,70.1,69.89,69.61,72.08,72.9,73.15,74.94,75.18,76.5,75.71,78.77,78.13,79.62,79.42,75.24,74.84,75.68,75.33,76.34,76.15,79.81,80.48,80.4,79.31,78.63,78.37,78.88,80.38,79.53,78.14,79.0,86.62,87.44,88.17,89.68,90.92,97.47,96.62,97.35,96.55,97.11,98.21,98.75,100.13,100.87,104.59,108.39,104.48,99.37,104.78,92.89,88.77,88.72,89.17,85.42,88.97,86.69,86.02,86.98,87.29,87.53,83.38,83.64,82.46,82.99,84.36,83.7,84.82,85.65,84.51,87.7,88.06,88.13,89.6,90.18,97.85,94.95,95.86,95.83
美国航空#AAL,35.5,34.44,34.92,36.49,36.23,36.53,38.49,35.49,35.55,36.61,37.73,38.65,39.9,40.06,39.74,42.93,46.26,46.82,46.1,49.64,47.63,48.48,46.69,46.21,47.65,48.0,46.95,44.2,46.45,46.91,46.28,46.82,43.9,41.72,41.73,42.3,41.81,43.35,45.15,42.62,44.51,45.83,45.22,48.74,49.52,50.27,48.79,48.63,50.32,53.03,54.22,51.91,50.49,50.8,48.35,45.55,45.25,45.31,43.6,46.0,47.06,47.49,51.3,52.7,51.93,47.56,47.45,45.82,47.39,48.56,49.0,51.02,51.06,52.59,52.03,52.65,58.47,58.06,53.07,52.1,48.36,51.58,53.39,53.18,56.07,55.4,51.01,51.96,50.29,45.87,46.78,43.4,42.86,42.6,43.38,44.91,44.0,43.11,42.77,41.35,37.96,38.09,37.12,37.88,39.69,38.42,37.26,37.79,38.82,40.48,38.43
波音#BA,133.66,131.73,133.1,134.44,132.23,131.16,128.53,126.7,131.78,131.74,133.85,133.5,135.63,143.01,139.54,148.52,146.35,150.04,152.25,156.49,154.5,157.81,155.68,159.1,158.83,159.53,167.7,162.4,166.23,172.71,177.44,182.18,178.7,180.1,175.82,176.86,178.85,175.62,180.38,184.83,185.01,183.25,180.76,186.59,190.23,190.03,196.44,202.23,197.75,202.37,208.51,212.14,241.27,237.71,234.88,235.77,235.89,240.33,238.78,249.0,256.45,254.21,258.58,260.74,264.75,256.46,261.75,260.85,262.26,265.88,271.38,285.9,293.94,295.1,294.91,308.84,336.21,337.73,343.22,348.91,332.83,355.04,356.66,344.67,354.52,330.47,321.0,327.88,326.12,329.28,338.67,340.88,334.43,342.46,351.23,360.09,356.72,369.5,357.88,338.91,335.51,334.64,350.79,354.9,360.65,348.44,339.41,346.4,349.38,342.79,349.28
康卡斯特#CMCSA,33.625,33.695,33.755,33.145,32.755,33.08,32.555,32.96,33.575,33.17,32.68,32.6,32.03,30.94,30.33,33.23,34.17,34.58,34.39,34.725,34.93,35.325,34.525,35.135,36.385,36.785,37.975,37.63,37.575,37.66,37.89,37.22,37.32,37.46,37.38,37.59,38.025,37.14,38.16,39.19,39.01,38.98,38.85,40.91,41.99,40.69,41.28,39.5,38.92,38.57,39.2,39.63,39.52,39.6,41.11,40.52,40.2,41.06,38.21,36.93,38.1,38.48,38.01,36.01,37.22,36.79,35.68,36.85,36.16,35.87,38.43,37.95,39.71,40.78,40.05,41.04,42.44,42.5,42.8,41.11,38.57,39.79,39.5,36.49,37.13,35.83,33.17,34.17,34.12,33.02,33.21,31.81,31.96,31.9,32.72,31.75,31.26,32.08,33.88,33.81,32.81,33.58,34.7,34.3,35.08,35.41,35.08,35.6,36.5,36.99,36.17
百度#BIDU,159.6,167.38,167.98,177.53,173.47,177.78,182.1,185.01,191.72,182.07,179.8,175.51,176.76,179.59,167.7,162.95,164.38,164.44,161.67,170.82,164.93,163.62,164.41,176.38,176.48,173.44,174.1,175.17,183.99,185.17,175.17,173.79,172.74,176.62,168.26,172.52,172.44,172.61,178.08,180.23,178.03,186.83,188.76,190.39,187.6,181.07,173.88,178.14,178.86,181.4,188.55,193.18,220.0,226.05,223.49,220.69,225.55,232.64,229.23,235.21,240.57,247.69,247.69,262.68,264.9,239.37,241.54,237.4,239.27,249.42,235.07,234.59,233.48,239.05,234.21,245.14,253.04,255.98,260.25,233.17,215.67,244.72,250.74,250.6,263.56,262.39,230.08,223.19,219.82,228.17,232.5,251.93,251.73,269.91,253.01,243.8,248.46,263.59,272.97,259.0,243.0,251.77,267.19,259.98,255.09,235.65,220.1,222.67,224.36,226.48,216.04
金德尔摩根#KMI,20.33,20.36,21.07,22.28,21.47,21.92,22.12,21.47,21.94,23.13,21.68,20.36,21.11,20.43,19.87,20.65,21.67,21.81,21.36,21.09,21.34,21.13,20.71,21.81,22.42,22.49,22.38,22.94,22.48,21.77,21.24,21.75,21.5,21.28,21.15,21.74,21.56,21.39,20.27,20.63,20.19,19.91,19.52,19.25,18.95,19.08,19.19,18.79,19.16,19.17,19.54,20.69,20.4,20.2,19.07,18.55,19.17,19.36,19.14,19.36,19.27,19.18,19.02,18.76,18.42,18.03,17.74,17.67,17.01,17.19,17.41,17.79,17.93,18.05,18.07,18.95,19.52,19.01,18.77,17.5,17.24,17.06,17.01,16.1,16.33,16.41,15.01,15.06,15.17,15.33,16.47,15.95,16.11,16.51,16.07,15.89,16.9,16.85,16.77,17.39,17.67,17.93,17.91,17.69,17.9,17.62,18.17,17.95,17.97,17.7,17.82
摩根士丹利#MS,28.73,29.01,29.17,30.55,31.16,31.89,31.59,31.59,31.91,32.06,32.31,32.07,33.44,33.52,32.78,38.49,40.43,41.1,41.83,43.73,42.71,43.06,42.25,43.85,43.81,42.59,43.65,44.43,44.7,46.15,45.53,46.83,46.49,45.02,42.46,42.84,41.95,40.69,41.8,43.37,43.08,42.73,41.8,42.84,42.52,44.91,44.48,43.69,44.56,46.05,45.2,46.59,46.66,48.08,45.65,45.39,45.94,46.19,44.01,46.6,48.22,48.17,49.76,48.3,50.68,51.16,50.02,48.76,48.7,49.06,51.95,52.89,53.1,52.72,52.47,53.11,55.12,57.46,57.6,55.48,52.14,55.14,56.07,54.74,58.67,57.51,52.07,53.96,53.04,52.98,54.46,51.86,51.4,55.2,53.92,53.01,51.21,51.91,51.16,48.89,47.4,47.09,48.08,50.27,51.05,49.91,48.39,48.37,48.14,48.83,48.22
大都会人寿#MET,42.74,41.14,39.76,40.45,41.79,43.26,43.91,43.83,44.52,44.43,47.22,46.89,46.38,46.98,46.82,53.69,54.81,55.45,55.66,57.39,54.37,54.43,53.89,54.18,54.31,54.33,55.61,51.77,52.91,52.97,52.49,54.83,54.02,53.36,52.01,52.82,52.61,51.12,51.27,51.81,52.62,50.92,50.48,51.05,51.44,52.84,53.52,52.26,54.94,56.17,55.34,54.65,55.25,53.92,46.81,47.02,47.99,47.8,47.14,48.54,50.54,51.95,53.02,52.72,53.29,54.29,54.63,52.2,51.65,51.83,53.61,53.76,51.41,50.76,50.56,51.84,53.33,53.4,54.77,47.56,44.61,46.64,47.47,45.5,47.84,47.32,44.08,45.89,45.27,46.92,47.49,48.39,46.23,46.77,47.78,47.67,46.66,47.41,46.31,45.71,43.6,43.73,44.2,43.76,45.56,45.33,44.65,45.94,46.42,45.89,45.72
麦克莫兰铜金#FCX,12.96,12.23,11.82,11.97,10.89,10.48,10.27,9.94,10.63,10.86,10.13,9.66,10.04,10.93,11.05,13.94,13.73,16.0,15.42,15.75,13.83,13.81,13.19,14.9,15.19,15.51,16.37,15.83,15.8,14.91,13.25,13.2,12.37,12.76,12.81,13.36,13.37,12.72,12.23,12.75,11.8,11.51,11.73,11.67,11.29,12.36,11.42,11.76,12.01,11.9,12.6,13.01,14.6,14.41,13.96,14.15,15.29,15.07,14.24,13.88,14.06,14.04,14.33,14.75,14.83,14.13,14.15,14.41,13.86,14.35,14.11,14.97,16.98,18.1,18.96,19.9,19.75,19.96,19.54,17.97,17.57,18.73,19.55,18.32,18.43,18.36,17.52,17.57,17.33,17.87,19.36,15.32,15.42,16.27,16.87,17.08,17.12,18.03,16.89,16.44,17.26,17.51,16.8,15.75,15.99,15.71,15.11,13.97,14.47,14.05,13.18
英伟达#NVDA,57.1,58.2,63.04,62.26,62.03,62.53,59.52,62.84,64.95,68.52,66.85,65.99,67.54,70.56,67.57,87.97,93.36,94.16,88.45,91.82,100.41,109.78,106.74,103.1,103.43,104.01,111.77,114.38,113.62,107.23,101.46,98.43,99.12,106.07,107.47,108.93,100.33,95.49,101.68,104.3,103.86,127.89,136.0,141.84,143.64,149.6,151.62,153.83,144.56,146.76,164.95,168.1,164.39,167.21,155.96,161.5,163.81,170.46,163.69,180.11,179.0,178.77,181.3,194.59,196.9,201.86,208.69,216.14,211.36,216.96,197.68,191.49,191.56,195.27,193.5,215.4,222.98,230.11,243.33,233.52,232.08,243.84,245.93,236.54,245.33,250.48,232.97,231.59,214.25,231.5,228.71,226.33,239.06,254.53,245.94,249.28,257.62,262.28,265.26,250.95,236.9,247.33,249.32,250.89,252.02,252.1,254.79,244.82,272.22,280.68,271.86
梅西百货#M,35.83,34.11,39.82,40.3,38.56,36.64,35.48,35.54,36.62,37.05,38.04,35.57,36.51,35.56,36.85,41.36,43.03,44.14,42.48,42.44,37.47,36.48,35.81,30.82,29.88,29.7,29.11,32.69,31.99,32.3,33.17,31.77,31.73,30.54,28.17,29.64,29.1,29.17,29.48,29.22,28.97,23.61,23.01,23.44,23.81,22.7,22.93,22.27,23.24,22.68,22.36,23.36,23.93,23.3,20.62,19.49,21.11,21.41,21.32,22.58,21.53,21.82,20.81,20.2,21.17,19.69,18.36,19.98,20.35,21.07,24.19,25.8,24.59,25.67,25.19,24.48,26.89,27.01,27.4,24.89,24.15,26.26,26.74,30.41,28.88,28.9,27.21,29.74,29.8,28.26,29.96,32.19,31.24,29.64,33.96,34.13,35.56,39.88,38.27,37.43,37.43,36.89,36.39,38.65,39.48,38.95,39.97,36.03,36.51,36.55,35.51
Square Inc#SQ,10.07,11.15,11.66,11.8,12.04,12.05,11.27,11.37,11.83,11.66,11.48,11.12,11.32,11.14,12.18,11.88,12.16,12.75,13.06,13.89,14.38,14.07,13.63,15.0,14.75,14.89,14.53,14.28,14.61,14.47,17.43,16.89,16.91,17.28,16.59,17.28,16.69,16.92,17.49,18.24,19.78,20.08,19.91,22.33,23.2,23.03,23.56,24.17,23.46,23.59,26.33,26.85,26.2,25.21,24.82,24.83,24.99,25.93,26.53,28.5,28.75,28.81,30.76,32.81,32.5,35.2,36.89,39.21,44.18,48.86,38.22,38.09,37.03,35.14,34.67,41.14,41.25,42.56,45.97,43.61,39.57,44.11,44.86,46.02,52.49,54.89,51.67,49.2,45.87,47.5,51.46,47.57,49.1,54.73,55.04,55.77,59.41,61.78,64.48,65.75,61.64,66.44,66.97,70.41,69.85,68.36,70.6,72.9,78.18,88.64,89.97
高盛#GS,158.81,162.09,163.25,166.23,165.97,169.18,168.57,166.0,165.13,161.27,169.83,170.52,174.67,177.14,175.92,203.94,210.35,211.38,223.36,241.85,238.9,240.97,239.45,244.9,244.3,232.2,236.95,240.95,242.72,250.38,247.35,252.89,248.38,243.94,228.41,229.72,227.88,223.32,216.86,223.8,226.87,222.82,215.39,223.53,213.31,222.44,221.81,217.19,221.9,225.28,228.6,220.18,223.61,229.79,224.15,222.15,222.47,225.88,217.21,225.22,231.03,237.19,246.02,238.53,244.73,241.71,244.4,240.15,238.02,235.95,248.95,250.35,257.17,258.97,254.76,255.52,257.03,256.12,268.14,260.04,249.3,267.62,266.77,258.12,270.77,267.6,245.26,251.86,249.97,255.92,251.96,239.8,234.94,242.92,237.0,235.01,228.35,233.39,231.92,226.02,220.57,221.79,226.41,231.69,237.64,234.09,229.61,233.38,235.11,237.81,233.91
Visa#V,78.05,80.14,80.02,80.47,80.57,82.0,81.33,82.07,82.54,82.7,82.88,82.45,82.35,82.22,80.36,81.88,80.82,80.13,75.72,79.14,78.35,78.15,78.02,82.21,81.17,81.84,83.77,86.08,85.9,87.46,88.43,88.79,89.73,90.24,89.19,88.87,88.74,88.87,91.15,91.22,92.09,92.73,92.48,94.67,96.15,94.56,94.17,95.58,93.78,93.92,96.93,99.6,99.15,100.89,100.09,102.51,103.35,103.9,104.43,105.3,105.56,105.24,106.73,108.66,107.55,109.71,111.36,111.88,109.82,111.97,110.73,112.6,113.82,112.69,114.02,118.86,120.09,122.7,126.32,120.91,116.32,121.85,122.93,120.77,124.51,124.53,117.0,119.62,117.7,120.75,124.2,126.01,128.16,131.82,129.93,131.28,130.85,134.74,135.1,135.33,132.45,134.09,139.42,140.99,140.71,139.82,139.73,141.33,144.2,146.89,143.2
纽约梅隆银行#BK,39.4,40.5,39.73,40.25,40.85,41.65,40.93,40.06,40.2,39.88,40.57,39.47,43.05,43.5,42.99,46.73,47.44,47.47,47.65,48.62,47.56,47.58,47.38,48.17,47.74,44.56,44.78,45.67,45.56,47.14,47.09,47.95,48.17,47.91,46.25,47.23,47.15,46.42,46.75,47.06,47.65,46.76,46.54,47.41,47.51,49.4,49.89,49.17,51.02,51.75,52.36,53.36,52.66,54.02,52.19,52.1,52.65,52.33,50.43,51.56,52.37,53.02,54.47,54.67,53.12,52.14,51.33,50.93,52.47,52.23,54.45,54.67,54.2,54.0,53.86,54.83,58.42,56.61,57.78,56.33,54.08,56.25,56.9,55.37,57.23,55.0,50.73,51.53,50.35,51.57,55.42,55.32,54.49,57.18,56.96,57.0,55.35,57.56,56.93,56.75,53.93,53.2,53.03,52.46,53.41,52.77,51.02,51.69,52.56,52.15,52.18
德意志银行#DB,13.44,13.15,14.25,13.55,13.98,14.9,15.26,13.38,12.75,13.09,13.64,13.43,14.31,14.62,13.45,16.19,15.91,15.75,15.74,18.28,19.01,18.63,18.1,19.27,19.18,19.18,20.46,20.2,18.94,19.41,19.13,19.35,19.63,19.03,16.83,17.16,16.46,15.86,16.5,18.07,19.35,18.77,19.04,18.46,17.66,17.67,16.82,16.64,17.79,19.05,18.86,18.22,18.19,18.33,17.05,16.52,16.42,16.06,16.0,16.54,16.63,17.28,17.21,16.58,16.98,16.32,16.82,17.94,19.13,19.19,18.98,19.38,19.43,19.38,19.03,18.55,18.7,18.78,19.51,17.09,15.58,16.08,16.43,15.79,16.12,15.82,13.75,13.98,13.87,14.38,14.26,13.89,13.78,13.86,12.71,12.05,11.04,11.25,11.1,11.01,10.62,11.46,11.24,12.03,12.42,12.5,11.82,11.2,11.39,11.26,11.13
